Country,Code,Year,Gini income inequality index,Poverty percent of population,Poverty ratio percent living on less than 1.90 USD a day,Poverty ratio percent living on less than 5.50 USD a day,Percent income earned by the top 10 percent of earners,Public spending on education percent of GDP,Public spending on education percent of public spending,Literacy rate
Afghanistan,AFG,2010,,,,,,3.48,17.07,
Afghanistan,AFG,2011,,38.3,,,,3.46,16.05,31.74
Afghanistan,AFG,2012,,,,,,2.6,10.36,
Afghanistan,AFG,2013,,,,,,3.45,14.1,
Afghanistan,AFG,2014,,,,,,3.7,14.47,
Afghanistan,AFG,2015,,,,,,3.26,12.51,
Afghanistan,AFG,2016,,54.5,,,,4.23,16.21,
Afghanistan,AFG,2017,,,,,,4.06,15.66,
Afghanistan,AFG,2018,,,,,,,,43.02
Albania,ALB,2011,,,,,,,,96.85
Albania,ALB,2012,29,14.3,1.1,39.1,22.9,,,97.25
Albania,ALB,2013,,,,,,3.54,12.12,
Albania,ALB,2014,,,1.9,40.3,25.5,,,
Albania,ALB,2015,,,1.3,38.3,24.9,3.44,11.32,
Albania,ALB,2016,,,1.1,38.8,25,3.96,13.6,
Albania,ALB,2017,,,1.7,38,24.8,3.61,12.39,
Albania,ALB,2018,,,,,,2.47,8.44,98.14
Algeria,DZA,2011,27.6,5.5,0.5,29.2,22.9,,,
Algeria,DZA,2018,,,,,,,,81.41
Andorra,AND,2010,,,,,,3.06,,
Andorra,AND,2011,,,,,,3.15,,
Andorra,AND,2013,,,,,,2.44,,
Andorra,AND,2014,,,,,,3,,
Andorra,AND,2015,,,,,,3.25,19.49,
Andorra,AND,2016,,,,,,3.26,19.23,
Andorra,AND,2017,,,,,,3.2,18.96,
Andorra,AND,2018,,,,,,3.23,19.32,
Angola,AGO,2010,,,,,,3.42,8.68,
Angola,AGO,2014,,,,,,,,66.03
Angola,AGO,2018,,,47.6,87.2,39.6,,,
Antigua and Barbuda,ATG,2011,,,,,,,,98.95
Antigua and Barbuda,ATG,2015,,,,,,,,98.95
Argentina,ARG,2010,43,,2.2,12.7,32,5.02,15.05,98.95
Argentina,ARG,2011,42.3,,0.9,8.8,31,5.29,15.16,99.11
Argentina,ARG,2012,41.2,,0.8,8.4,29.7,5.35,14.52,99.11
Argentina,ARG,2013,41,,0.7,8.2,29.4,5.44,14.46,99.12
Argentina,ARG,2014,41.4,,0.7,8.9,29.9,5.36,13.8,98.99
Argentina,ARG,2015,,,,,,5.78,13.96,99.18
Argentina,ARG,2016,42.4,30.3,0.7,8.5,30.3,5.55,13.36,99.13
Argentina,ARG,2017,40.6,25.7,0.5,7.7,29.7,5.46,13.26,
Argentina,ARG,2018,,32,1,9.6,29.9,,,99
Armenia,ARM,2010,30,35.8,1.9,63.4,25,3.25,12.4,
Armenia,ARM,2011,29.4,35,2.2,60.8,24,3.14,12.59,99.74
Armenia,ARM,2012,29.6,32.4,1.6,56.5,24.5,2.77,12.37,
Armenia,ARM,2013,30.6,32,2.2,54.6,24.7,2.65,11.14,
Armenia,ARM,2014,31.5,30,2.3,52.3,25.7,2.25,9.37,
Armenia,ARM,2015,32.4,29.8,1.9,48.3,26.7,2.81,10.66,
Armenia,ARM,2016,32.5,29.4,1.8,43.5,25.3,2.76,10.2,
Armenia,ARM,2017,33.6,25.7,1.4,50,28.4,2.71,10.4,99.74
Armenia,ARM,2018,,23.5,2.1,50.4,29.2,,,
Aruba,ABW,2010,,,,,,6.93,22.14,96.82
Aruba,ABW,2011,,,,,,6.12,21.75,
Aruba,ABW,2012,,,,,,6.55,20.63,
Aruba,ABW,2013,,,,,,6.81,21.87,
Aruba,ABW,2014,,,,,,6.16,19.61,
Aruba,ABW,2015,,,,,,6.48,22.85,
Aruba,ABW,2016,,,,,,6.19,21.37,
Aruba,ABW,2018,,,,,,,,97.81
Australia,AUS,2010,34.7,,0.3,0.7,26.5,5.55,14.32,
Australia,AUS,2011,,,,,,5.07,13.48,
Australia,AUS,2012,,,,,,4.87,13.17,
Australia,AUS,2013,,,,,,5.23,14.04,
Australia,AUS,2014,35.8,,0.5,0.7,27,5.16,13.88,
Australia,AUS,2015,,,,,,5.31,14.08,
Australia,AUS,2016,,,,,,5.27,13.77,
Austria,AUT,2010,30.3,,0.5,0.8,23.6,5.7,10.79,
Austria,AUT,2011,30.8,,0.4,1,23.7,5.59,10.99,
Austria,AUT,2012,30.5,,0.6,1,23.4,5.48,10.7,
Austria,AUT,2013,30.8,,0.3,0.6,24.3,5.55,10.74,
Austria,AUT,2014,30.5,,0.2,0.7,24.1,5.45,10.41,
Austria,AUT,2015,30.5,,0.7,0.9,23.8,5.46,10.69,
Austria,AUT,2016,,,0.7,1.2,23.8,5.5,10.95,
Austria,AUT,2017,,,0.3,0.7,23,,,
Azerbaijan,AZE,2010,,9.1,,,,2.78,8.7,99.77
Azerbaijan,AZE,2011,,7.6,,,,2.44,7.22,99.78
Azerbaijan,AZE,2012,,6,,,,2.07,5.64,99.78
Azerbaijan,AZE,2013,,,,,,2.44,6.46,99.79
Azerbaijan,AZE,2014,,,,,,2.63,7.24,99.79
Azerbaijan,AZE,2015,,,,,,2.95,7.63,99.79
Azerbaijan,AZE,2016,,,,,,2.9,8.21,99.79
Azerbaijan,AZE,2017,,,,,,2.47,6.95,99.79
Bahrain,BHR,2010,,,,,,,,90.98
Bahrain,BHR,2012,,,,,,2.65,8.29,
Bahrain,BHR,2013,,,,,,2.48,7.22,
Bahrain,BHR,2014,,,,,,2.47,8.68,
Bahrain,BHR,2015,,,,,,2.67,7.3,
Bahrain,BHR,2016,,,,,,,,97.07
Bahrain,BHR,2017,,,,,,2.33,7.18,97.4
Bahrain,BHR,2018,,,,,,,,97.46
Bangladesh,BGD,2010,32.1,31.5,19.6,87.7,26.9,,,
Bangladesh,BGD,2011,,,,,,2.13,16.79,58.77
Bangladesh,BGD,2012,,,,,,2.18,15.59,57.86
Bangladesh,BGD,2013,,,,,,1.97,13.82,61.02
Bangladesh,BGD,2014,,,,,,,,61.09
Bangladesh,BGD,2015,,,,,,,,65.14
Bangladesh,BGD,2016,32.4,24.3,14.8,84.5,26.8,1.54,11.42,72.76
Bangladesh,BGD,2017,,,,,,2.47,18.39,72.89
Bangladesh,BGD,2018,,,,,,1.99,14.65,73.91
Barbados,BRB,2010,,,,,,6.03,17.45,
Barbados,BRB,2012,,,,,,5.26,16.12,
Barbados,BRB,2013,,,,,,5.1,14.84,
Barbados,BRB,2014,,,,,,6.23,17.45,99.6
Barbados,BRB,2016,,,,,,5.09,14.06,
Barbados,BRB,2017,,,,,,4.66,12.88,
Belarus,BLR,2010,28.6,5.2,0,3.4,22.9,5.09,11.78,
Belarus,BLR,2011,27.2,7.3,0,2.5,21.9,4.68,11.63,
Belarus,BLR,2012,26.5,6.3,0,1.1,21.8,4.96,12.75,
Belarus,BLR,2013,26.6,5.5,0,0.7,22.1,5.01,12.27,
Belarus,BLR,2014,27.2,4.8,0,0.4,22.6,4.82,12.41,
Belarus,BLR,2015,25.6,5.1,0,0.9,21.2,4.79,11.46,
Belarus,BLR,2016,25.3,5.7,0,0.7,21.3,4.95,12.16,
Belarus,BLR,2017,25.4,5.9,0,0.8,21.3,4.79,12.28,
Belarus,BLR,2018,,5.6,0,0.4,21.4,,,99.76
Belgium,BEL,2010,28.4,,0.1,0.4,22.7,6.41,12.01,
Belgium,BEL,2011,28.1,,0.2,0.5,22.4,6.38,11.7,
Belgium,BEL,2012,27.5,,0.2,0.4,21.9,,,
Belgium,BEL,2013,27.7,,0.1,0.4,21.8,6.64,11.89,
Belgium,BEL,2014,28.1,,0.1,0.2,22.4,6.64,12.01,
Belgium,BEL,2015,27.7,,0.1,0.2,22.2,6.54,12.17,
Belgium,BEL,2016,,,0.1,0.2,22.2,6.55,12.33,
Belgium,BEL,2017,,,0.1,0.3,21.9,,,
Belize,BLZ,2010,,,,,,6.63,22.38,
Belize,BLZ,2013,,,,,,6.26,22.24,
Belize,BLZ,2014,,,,,,6.5,22.16,
Belize,BLZ,2015,,,,,,6.77,21.61,
Belize,BLZ,2016,,,,,,7.12,20.55,
Belize,BLZ,2017,,,,,,7.38,21.3,
Benin,BEN,2010,,35.2,,,,5.03,26.14,
Benin,BEN,2011,43.4,36.2,53.1,90,34.5,,,
Benin,BEN,2012,,,,,,4.87,25.02,32.95
Benin,BEN,2013,,,,,,4.55,22.34,
Benin,BEN,2014,,,,,,4.32,22.23,
Benin,BEN,2015,47.8,40.1,49.5,90.6,37.6,4.36,17.48,
Benin,BEN,2016,,,,,,3.99,18.79,
Benin,BEN,2017,,,,,,4.84,19.88,
Benin,BEN,2018,,,,,,4.04,17.71,42.36
Bermuda,BMU,2010,,,,,,2.59,12.93,
Bermuda,BMU,2014,,,,,,1.76,7.8,
Bermuda,BMU,2015,,,,,,1.7,9.02,
Bermuda,BMU,2017,,,,,,1.5,7.77,
Bhutan,BTN,2010,,,,,,4.02,11.03,
Bhutan,BTN,2011,,,,,,4.65,11.29,
Bhutan,BTN,2012,38.8,12,2.2,43.9,30.7,,,57.03
Bhutan,BTN,2013,,,,,,5.59,16.17,
Bhutan,BTN,2014,,,,,,5.9,17.82,
Bhutan,BTN,2015,,,,,,7.32,26.35,
Bhutan,BTN,2016,,,,,,6.8,26.18,
Bhutan,BTN,2017,37.4,8.2,1.5,38.6,27.9,7.03,24.04,66.56
Bhutan,BTN,2018,,,,,,6.64,22.77,
Bolivia,BOL,2011,46.1,45.1,7.3,28.3,33.7,,,92.23
Bolivia,BOL,2012,46.6,43.3,8.2,28.3,33.7,,,94.46
Bolivia,BOL,2013,47.6,38.9,6.9,26,35.2,,,
Bolivia,BOL,2014,47.8,39.1,5.8,24.9,36,,,
Bolivia,BOL,2015,46.7,38.6,6.4,25.6,34.8,,,92.46
Bolivia,BOL,2016,44.6,39.5,7.1,25,32.1,,,
Bolivia,BOL,2017,44,36.4,5.8,24.7,31.7,,,
Bolivia,BOL,2018,,34.6,4.5,23.1,30.4,,,
Bosnia and Herzegovina,BIH,2011,33,17.9,0.1,3.9,25.1,,,98.14
Bosnia and Herzegovina,BIH,2013,,,,,,,,96.99
Bosnia and Herzegovina,BIH,2015,,16.9,,,,,,
Botswana,BWA,2013,,,,,,,,86.82
Botswana,BWA,2015,53.3,,16.1,60.4,41.5,,,
Brazil,BRA,2010,,,,,,5.65,14.16,90.38
Brazil,BRA,2011,52.9,,4.7,24,41.7,5.74,15.27,91.41
Brazil,BRA,2012,52.7,,3.8,21.2,42.6,5.86,15.73,91.34
Brazil,BRA,2013,52.8,,3.1,19.4,41.8,5.84,15.59,91.48
Brazil,BRA,2014,51.5,,2.7,17.7,41.2,5.95,15.44,91.73
Brazil,BRA,2015,51.3,,3.2,18.7,40.9,6.24,16.22,92.05
Brazil,BRA,2016,53.7,,3.9,20.1,42.1,,,92.81
Brazil,BRA,2017,53.3,,4.4,20.4,42,,,93.08
Brazil,BRA,2018,,,4.4,19.9,42.5,,,93.23
Brunei,BRN,2010,,,,,,2.05,5.3,
Brunei,BRN,2011,,,,,,3.32,9.18,96.09
Brunei,BRN,2012,,,,,,2.89,9.73,
Brunei,BRN,2014,,,,,,3.35,9.98,
Brunei,BRN,2016,,,,,,4.43,11.44,
Brunei,BRN,2018,,,,,,,,97.21
Bulgaria,BGR,2010,35.7,,1.9,11,26.9,3.86,11.16,
Bulgaria,BGR,2011,34.3,,2.2,11.2,26,3.56,11.1,98.35
Bulgaria,BGR,2012,36,,2,11.1,27.4,3.5,10.69,
Bulgaria,BGR,2013,36.6,,1.8,11.1,27.6,4.08,11.44,
Bulgaria,BGR,2014,37.4,,1.5,8.7,28.8,,,
Bulgaria,BGR,2015,,22.9,3,11.7,28.7,,,
Bulgaria,BGR,2016,,23.4,1.8,8.9,31.4,,,
Bulgaria,BGR,2017,,22,1.3,7.5,31.9,,,
Burkina Faso,BFA,2010,,,,,,3.94,16.17,
Burkina Faso,BFA,2011,,,,,,4.48,19.5,
Burkina Faso,BFA,2012,,,,,,4.05,15.9,
Burkina Faso,BFA,2013,,,,,,4.59,16.17,
Burkina Faso,BFA,2014,35.3,40.1,43.7,92.3,29.6,4.56,19.37,34.6
Burkina Faso,BFA,2015,,,,,,4.17,18.03,
Burkina Faso,BFA,2017,,,,,,6.43,21.44,
Burkina Faso,BFA,2018,,,,,,6.04,22.66,41.22
Burma (Myanmar),MMR,2010,,42.2,,,,,,
Burma (Myanmar),MMR,2011,,,,,,0.79,5.93,
Burma (Myanmar),MMR,2015,38.1,32.1,,67.2,31.7,,,
Burma (Myanmar),MMR,2016,,,,,,,,75.55
Burma (Myanmar),MMR,2017,,24.8,,60.8,25.5,2.16,10.1,
Burma (Myanmar),MMR,2018,,,,,,1.97,10.35,
Burma (Myanmar),MMR,2019,,,,,,,10.46,
Burundi,BDI,2010,,,,,,6.78,16.59,
Burundi,BDI,2011,,,,,,6.32,14.98,
Burundi,BDI,2012,,,,,,6.17,16.43,
Burundi,BDI,2013,38.6,64.9,71.8,96.8,31,6,17.24,
Burundi,BDI,2014,,,,,,6.78,19.69,61.57
Burundi,BDI,2015,,,,,,6.37,24.22,
Burundi,BDI,2016,,,,,,4.69,20.91,
Burundi,BDI,2017,,,,,,4.76,20.4,68.38
Burundi,BDI,2018,,,,,,5.01,19.92,
Cambodia,KHM,2010,,22.1,,,,1.53,7.34,
Cambodia,KHM,2011,,20.5,,,,1.51,7.34,
Cambodia,KHM,2012,,17.7,,,,1.56,7.2,
Cambodia,KHM,2013,,,,,,2.05,9.6,
Cambodia,KHM,2014,,,,,,1.91,8.79,78.06
Cambodia,KHM,2015,,,,,,,,80.53
Cambodia,KHM,2018,,,,,,2.16,8.84,
Cameroon,CMR,2010,,,,,,2.99,18.75,71.29
Cameroon,CMR,2011,,,,,,2.77,14.87,
Cameroon,CMR,2012,,,,,,2.7,15.18,
Cameroon,CMR,2013,,,,,,2.77,13.82,
Cameroon,CMR,2014,46.6,37.5,23.8,68.9,35,2.69,12.93,
Cameroon,CMR,2015,,,,,,2.77,13.24,
Cameroon,CMR,2016,,,,,,2.65,12.69,
Cameroon,CMR,2017,,,,,,3.15,15.91,
Cameroon,CMR,2018,,,,,,3.15,16.88,77.07
Canada,CAN,2010,33.6,,0.2,0.5,25.7,5.37,12.34,
Canada,CAN,2011,,,,,,5.27,12.22,
Canada,CAN,2013,34,,0.5,0.7,25.1,,,
Cape Verde,CPV,2010,,,,,,5.57,14.22,
Cape Verde,CPV,2011,,,,,,5.04,15.15,
Cape Verde,CPV,2012,,,,,,,,85.33
Cape Verde,CPV,2013,,,,,,5,14.78,
Cape Verde,CPV,2014,,,,,,4.96,16.28,
Cape Verde,CPV,2015,,35,3.2,40.8,32.3,5.27,16.75,86.79
Cape Verde,CPV,2016,,,,,,5.29,17.84,
Cape Verde,CPV,2017,,,,,,5.17,16.41,
Central African Republic,CAF,2010,,,,,,1.12,6.48,36.75
Central African Republic,CAF,2011,,,,,,1.11,7.83,
Central African Republic,CAF,2018,,,,,,,,37.4
Chad,TCD,2010,,,,,,1.98,8.12,
Chad,TCD,2011,43.3,46.7,38.4,86.2,32.4,2.26,10.08,
Chad,TCD,2012,,,,,,2.21,9.21,
Chad,TCD,2013,,,,,,2.85,12.46,
Chad,TCD,2015,,,,,,,,26
Chad,TCD,2016,,,,,,,,22.31
Chad,TCD,2017,,,,,,2.45,16.36,
Chad,TCD,2018,,,,,,2.24,17.21,
Chile,CHL,2010,,,,,,4.16,17.84,
Chile,CHL,2011,47.6,22.2,0.6,12.4,37.3,4.05,17.75,96.7
Chile,CHL,2013,47.3,14.4,0.4,6.9,37.4,4.53,19.65,96.27
Chile,CHL,2014,,,,,,4.73,19.92,
Chile,CHL,2015,47.7,11.7,0.3,5.2,36.1,4.88,19.59,96.87
Chile,CHL,2016,,,,,,5.34,21.16,
Chile,CHL,2017,46.6,8.6,0.3,3.7,36.3,5.4,21.3,96.4
China,CHN,2010,43.7,,11.2,53.4,32.6,,,95.12
China,CHN,2011,42.4,,7.9,49.2,31.8,,,
China,CHN,2012,42.2,,6.5,44.3,31.5,,,
China,CHN,2013,39.7,8.5,1.9,36.3,30.3,,,
China,CHN,2014,39.1,7.2,1.4,31.5,29.7,,,
China,CHN,2015,38.6,5.7,0.7,27.2,29.4,,,
China,CHN,2016,,4.5,0.5,23.9,29.3,,,
China,CHN,2017,,3.1,,,,,,
China,CHN,2018,,1.7,,,,,,96.84
Colombia,COL,2010,54.7,37.2,7.7,38.3,43.5,4.84,16.42,93.37
Colombia,COL,2011,53.5,34.1,6.3,35.2,42.4,4.47,15.53,93.58
Colombia,COL,2012,52.7,32.7,6.2,34,41.4,4.37,15.51,
Colombia,COL,2013,52.8,30.6,5.7,32,41.5,4.88,16.9,
Colombia,COL,2014,52.7,28.5,5,29.8,41.6,4.63,15.74,94.19
Colombia,COL,2015,51.1,27.8,4.5,28.7,40,4.47,15.13,94.25
Colombia,COL,2016,50.8,28,4.5,28.5,40,4.48,16.14,94.65
Colombia,COL,2017,49.7,26.9,3.9,27.6,39,4.54,16.14,
Colombia,COL,2018,,27,4.1,27.8,39.7,4.5,15.98,95.09
Comoros,COM,2011,,,,,,2.83,21.41,
Comoros,COM,2012,,,,,,2.75,18.49,49.2
Comoros,COM,2013,45.3,42.4,,,,2.38,16.07,
Comoros,COM,2014,,,17.6,62.3,33.7,2.74,18.89,
Comoros,COM,2015,,,,,,2.49,13.25,
Comoros,COM,2018,,,,,,,,58.82
Costa Rica,CRC,2010,48.2,,1.5,12.9,37.1,6.63,22.88,
Costa Rica,CRC,2011,48.7,21.7,1.6,13.2,37.1,6.46,23.01,97.41
Costa Rica,CRC,2012,48.6,20.6,1.6,12.3,37,6.69,23.5,
Costa Rica,CRC,2013,49.3,20.7,1.6,12.3,37.4,6.85,22.83,
Costa Rica,CRC,2014,48.6,22.4,1.4,11.9,36.9,6.87,23.11,
Costa Rica,CRC,2015,48.4,21.7,1.5,11.5,36.8,7.08,23.37,
Costa Rica,CRC,2016,48.7,20.5,1.3,10.7,37.3,7.1,23.42,
Costa Rica,CRC,2017,48.3,20,1,9.7,37,7.35,30.15,
Costa Rica,CRC,2018,,21.1,1.4,10.9,36.3,7.03,26.09,97.86
Costa Rica,CRC,2019,,21,,,,,,
Croatia,HRV,2010,32.4,20.9,1.2,6.2,23.9,4.24,8.84,
Croatia,HRV,2011,32.3,20.4,0.7,7.1,23.7,4.15,8.55,99.13
Croatia,HRV,2012,32.5,19.5,0.9,7.3,23.9,,,
Croatia,HRV,2013,32,19.4,0.7,7.3,23.7,4.56,9.56,
Croatia,HRV,2014,32.1,20,1,6.1,24,,,
Croatia,HRV,2015,31.1,19.5,0.6,5.5,23.2,,,
Croatia,HRV,2016,,20,0.6,4.4,23.2,,,
Croatia,HRV,2017,,19.4,0.5,3.8,22.9,,,
Cuba,CUB,2010,,,,,,12.84,,
Cuba,CUB,2012,,,,,,,,99.75
Cyprus,CYP,2010,31.5,,0,0.1,25.7,6.58,15.65,
Cyprus,CYP,2011,32.6,,0,0,26.7,6.56,15.5,98.68
Cyprus,CYP,2012,34.3,,0,0.1,28,,,
Cyprus,CYP,2013,37,,0,0.2,30.9,6.43,15.36,
Cyprus,CYP,2014,35.6,,0.1,0.2,28.8,6.37,15.93,
Cyprus,CYP,2015,34,,0,0.1,27.5,6.38,16.21,
Cyprus,CYP,2016,,,0,0.1,26.8,6.29,16.69,
Cyprus,CYP,2017,,,0,0.1,25.5,,,
Czech Republic,CZE,2010,26.6,9.8,0,0.8,22.4,4.06,9.34,
Czech Republic,CZE,2011,26.4,9.6,0,0.6,22.2,4.27,9.93,
Czech Republic,CZE,2012,26.1,8.6,0,0.8,22.2,4.25,9.56,
Czech Republic,CZE,2013,26.5,9.7,0,0.5,22.6,4.09,9.6,
Czech Republic,CZE,2014,25.9,,0,0.7,22.1,3.99,9.41,
Czech Republic,CZE,2015,25.9,,0,0.3,22.1,5.79,13.88,
Czech Republic,CZE,2016,,,0,0.6,21.9,5.59,14.15,
Czech Republic,CZE,2017,,,0,0.4,21.5,,,
Democratic Republic of the Congo,COD,2010,,,,,,1.52,9.58,
Democratic Republic of the Congo,COD,2012,42.1,63.9,76.6,97.7,32,,,75.02
Democratic Republic of the Congo,COD,2013,,,,,,2.06,16.17,
Democratic Republic of the Congo,COD,2014,,,,,,1.95,10.55,
Democratic Republic of the Congo,COD,2015,,,,,,2.17,11.74,
Democratic Republic of the Congo,COD,2016,,,,,,2.12,14.64,77.04
Democratic Republic of the Congo,COD,2017,,,,,,1.45,14.01,
Denmark,DNK,2010,27.2,,0.1,0.2,22.5,8.56,15.1,
Denmark,DNK,2011,27.3,,0,0.6,22.7,8.48,15.04,
Denmark,DNK,2012,27.8,,0,0.2,23.1,7.24,12.49,
Denmark,DNK,2013,28.5,,0.3,0.6,23.7,8.49,15.22,
Denmark,DNK,2014,28.4,,0.2,0.7,23.6,7.63,13.83,
Denmark,DNK,2015,28.2,,0.2,0.4,23.8,,,
Denmark,DNK,2016,,,0.3,0.4,23.7,,,
Denmark,DNK,2017,,,0.1,0.2,24,,,
Djibouti,DJI,2010,,,,,,4.49,12.33,
Djibouti,DJI,2012,45.1,,18.3,68.6,34.4,,,
Djibouti,DJI,2013,44.1,,22.7,75,34.1,,,
Djibouti,DJI,2015,,,,,,5.34,8.58,
Djibouti,DJI,2016,,,,,,5.79,12.01,
Djibouti,DJI,2017,41.6,21.1,17.1,70.6,32.3,5.59,13.25,
Djibouti,DJI,2018,,,,,,5.56,13.99,
Dominica,DMA,2015,,,,,,3.39,10.52,
Dominican Republic,DOM,2010,47.3,,2.5,31.7,36.5,,,89.54
Dominican Republic,DOM,2011,47.7,,2.9,31,37.5,,,90.11
Dominican Republic,DOM,2012,46.1,,2.6,30.7,36,,,90.16
Dominican Republic,DOM,2013,47.7,,2.2,29.8,37.9,,,90.86
Dominican Republic,DOM,2014,44.3,,2.1,25.1,33.4,,,91.76
Dominican Republic,DOM,2015,45.2,,1.8,21.7,34.9,,,91.99
Dominican Republic,DOM,2016,45.7,,1.6,19.9,35.4,,,93.78
Dominican Republic,DOM,2017,,25.6,0.7,15.9,33.5,,,
Dominican Republic,DOM,2018,,22.8,0.4,13.8,35.2,,,
Ecuador,ECU,2010,48.7,32.8,5.6,34.3,37.5,4.51,13,91.85
Ecuador,ECU,2011,45.9,28.6,4.7,30.2,34.1,4.73,11.98,91.59
Ecuador,ECU,2012,46.1,27.3,4.5,27.5,34.6,4.64,11.53,92.06
Ecuador,ECU,2013,46.9,25.6,3.2,26.9,35.7,5,11.44,93.29
Ecuador,ECU,2014,45,22.5,2.6,23.8,34.4,5.26,12.07,94.22
Ecuador,ECU,2015,46,23.3,3.4,24.7,34.9,5,12.6,94.46
Ecuador,ECU,2016,45,22.9,3.6,23.9,34.3,,,94.35
Ecuador,ECU,2017,44.7,21.5,3.2,23.2,33.8,,,92.83
Ecuador,ECU,2018,,23.2,3.3,24.2,34.4,,,
Ecuador,ECU,2019,,25,,,,,,
Egypt,EGY,2010,31.5,25.2,1.7,68,26.1,,,72.05
Egypt,EGY,2012,29.8,26.3,1.3,65.1,24.7,,,73.87
Egypt,EGY,2013,,,,,,,,75.06
Egypt,EGY,2015,31.8,27.8,1.3,61.9,27.8,,,
Egypt,EGY,2017,,32.5,3.2,70.4,26.9,,,71.17
El Salvador,SLV,2010,43.5,36.5,5.5,41.3,33.2,4.05,16.16,84.49
El Salvador,SLV,2011,42.3,40.6,4.5,41.3,32.8,3.9,15.87,85.49
El Salvador,SLV,2012,41.8,34.5,4.1,38.9,32.6,3.71,15.28,
El Salvador,SLV,2013,43.4,29.6,3.2,35,34.2,3.8,15.56,86.77
El Salvador,SLV,2014,41.6,31.8,3,34.9,32.2,3.82,16.11,
El Salvador,SLV,2015,40.6,34.9,1.9,31.8,31.8,3.91,16.6,87.97
El Salvador,SLV,2016,40,32.7,2.2,30.7,30.7,3.83,16.11,88.14
El Salvador,SLV,2017,38,29.2,1.9,28.9,29.1,3.73,15.59,88.48
El Salvador,SLV,2018,,,1.5,25.7,29.4,3.6,14.94,89.01
Equatorial Guinea,GNQ,2010,,,,,,,,94.37
Eritrea,ERI,2018,,,,,,,,76.57
Estonia,EST,2010,32,,0.8,4.2,24.3,5.53,13.64,
Estonia,EST,2011,32.5,,1,3.8,24.8,5.02,13.41,99.89
Estonia,EST,2012,32.9,,0.7,3.7,25.2,4.71,11.99,
Estonia,EST,2013,35.1,21.8,0.9,3.7,26.6,4.84,12.58,
Estonia,EST,2014,34.6,,0.8,3.3,26.3,5.4,14.27,
Estonia,EST,2015,32.7,,0.6,2,24.4,5.14,12.97,
Estonia,EST,2016,,,0.5,1.5,23.1,5.17,13.11,
Estonia,EST,2017,,,0.3,1.1,22.5,,,
Ethiopia,ETH,2010,33.2,29.6,33.5,93.1,27.4,4.5,26.3,
Ethiopia,ETH,2011,,,,,,5.49,29.67,
Ethiopia,ETH,2012,,,,,,5.57,30.54,
Ethiopia,ETH,2013,,,,,,4.5,27.02,
Ethiopia,ETH,2014,,,,,,4.6,25.92,
Ethiopia,ETH,2015,39.1,23.5,30.8,90.2,28.5,4.74,27.1,
Ethiopia,ETH,2017,,,,,,,,51.77
Euro area,XM,2010,,,,,,3.63,16.17,56.92
Euro area,XM,2011,,,,,,3.8,15.11,58.78
Euro area,XM,2012,,,,,,3.89,16.13,60.13
Euro area,XM,2013,,,,,,3.37,16.18,60.18
Euro area,XM,2014,,,,,,3.65,16.33,60.9
Euro area,XM,2015,,,,,,3.75,16.66,61.27
Euro area,XM,2016,,,,,,3.37,15.56,61.93
Euro area,XM,2017,,,,,,3.91,16.01,62.75
Euro area,XM,2018,,,,,,3.87,16.78,63.18
Fiji,FJI,2011,,,,,,4.17,15.23,
Fiji,FJI,2013,36.7,34,1.4,48.6,29.7,3.88,14.3,
Fiji,FJI,2017,,,,,,,,99.08
Finland,FIN,2010,27.7,,0,0.1,22.5,6.54,11.95,
Finland,FIN,2011,27.6,,0,0.1,22.8,6.48,11.92,
Finland,FIN,2012,27.1,,0.1,0.2,22.3,7.19,12.8,
Finland,FIN,2013,27.2,,0.1,0.1,22.3,7.16,12.45,
Finland,FIN,2014,26.8,,0.1,0.1,22,7.15,12.31,
Finland,FIN,2015,27.1,,0.1,0.2,22.4,7.08,12.41,
Finland,FIN,2016,,,0,0.2,22.4,6.9,12.34,
Finland,FIN,2017,,,0.1,0.1,22.6,,,
France,FRA,2010,33.7,,0.1,0.3,27.1,,,
France,FRA,2011,33.3,,0,0.2,26.9,,,
France,FRA,2012,33.1,,0.1,0.3,26.9,,,
France,FRA,2013,32.5,,0.1,0.2,26.4,,,
France,FRA,2014,32.3,,0,0.1,26.1,,,
France,FRA,2015,32.7,,0.1,0.3,26.6,,,
France,FRA,2016,,,0.1,0.2,25.9,,,
France,FRA,2017,,,0,0.1,25.8,,,
Gabon,GAB,2010,,,,,,3.08,13.33,
Gabon,GAB,2011,,,,,,2.99,13.74,
Gabon,GAB,2012,,,,,,3.01,12.58,82.28
Gabon,GAB,2013,,,,,,3.03,8.74,
Gabon,GAB,2014,,,,,,2.67,11.23,
Gabon,GAB,2017,38,33.4,3.4,32.2,27.7,,,
Gabon,GAB,2018,,,,,,,,84.67
Gambia,GMB,2010,43.6,48.1,25.1,80.4,34.9,4.16,17.61,
Gambia,GMB,2011,,,,,,3.93,15.12,
Gambia,GMB,2012,,,,,,4.1,13.8,
Gambia,GMB,2013,,,,,,1.83,10.29,41.95
Gambia,GMB,2014,,,,,,2.18,11.75,
Gambia,GMB,2015,35.9,48.6,10.1,72.5,28.7,2.14,11.03,50.78
Gambia,GMB,2016,,,,,,2.06,10.36,
Gambia,GMB,2018,,,,,,2.43,11.19,
Georgia,GEO,2010,39.5,37.3,12.2,61.2,29.5,,,
Georgia,GEO,2011,39.6,34.1,11.3,59.5,29.8,2.7,9.27,
Georgia,GEO,2012,39,30,8.6,55.4,29.3,1.98,6.71,
Georgia,GEO,2013,38.6,26.2,6.6,49.9,29.1,,,
Georgia,GEO,2014,37.6,23.5,5,46.2,28.6,,,99.59
Georgia,GEO,2015,36.5,21.6,3.8,45.3,27.8,,,
Georgia,GEO,2016,36.6,22,3.9,44,28.1,3.78,12.67,
Georgia,GEO,2017,37.9,21.9,5,43.6,28.9,3.85,12.95,99.36
Georgia,GEO,2018,,20.1,4.5,42.9,27.5,,,
Germany,DEU,2010,30.2,,0,0.2,24,4.91,10.27,
Germany,DEU,2011,30.5,,0,0.2,24.3,4.81,10.67,
Germany,DEU,2012,,,,,,4.93,11.03,
Germany,DEU,2013,31.1,,0,0.2,24.6,4.93,11.04,
Germany,DEU,2014,,,,,,4.92,11.15,
Germany,DEU,2015,31.7,,0,0.2,24.8,4.81,10.98,
Germany,DEU,2016,,,0,0.5,24.6,4.8,10.93,
Ghana,GHA,2010,,,,,,5.54,20.7,71.5
Ghana,GHA,2011,,,,,,8.14,30.63,
Ghana,GHA,2012,42.4,24.2,12,60.5,31.7,7.92,37.52,
Ghana,GHA,2013,,,,,,4.61,21.22,
Ghana,GHA,2014,,,,,,4.49,20.99,
Ghana,GHA,2015,,,,,,4.51,23.81,
Ghana,GHA,2016,43.5,23.4,13.3,56.9,32.2,4.49,22.09,
Ghana,GHA,2017,,,,,,3.62,20.1,
Ghana,GHA,2018,,,,,,3.99,18.6,79.04
Greece,GRC,2010,34.1,,1,2.4,25.6,,,
Greece,GRC,2011,34.8,,1.2,4.6,25.6,,,97.37
Greece,GRC,2012,36.2,,1.5,6.2,26.6,,,
Greece,GRC,2013,36.1,,1,7,26.4,,,
Greece,GRC,2014,35.8,,1.5,6.9,26.1,,,
Greece,GRC,2015,36,,1.4,6.8,26.2,,,
Greece,GRC,2016,,,1,5.4,25.9,,,
Greece,GRC,2017,,,0.9,4.4,25.9,,,
Greece,GRC,2018,,,,,,,,97.94
Grenada,GRD,2014,,,,,,,,98.6
Grenada,GRD,2017,,,,,,3.17,14.04,
Guatemala,GTM,2010,,,,,,2.8,19.3,
Guatemala,GTM,2011,,,,,,2.92,20.25,
Guatemala,GTM,2012,,,,,,2.96,21.11,78.26
Guatemala,GTM,2013,,,,,,2.84,20.64,77.04
Guatemala,GTM,2014,48.3,59.3,8.7,48.8,38.1,2.94,21.96,81.29
Guatemala,GTM,2015,,,,,,2.96,24.09,
Guatemala,GTM,2016,,,,,,2.83,23.43,
Guatemala,GTM,2017,,,,,,2.8,23.09,
Guatemala,GTM,2018,,,,,,2.93,23.75,
Guinea,GIN,2010,,,,,,2.55,12.44,25.31
Guinea,GIN,2011,,,,,,2.29,14.26,
Guinea,GIN,2012,33.7,55.2,35.3,92.3,26.4,1.83,9.46,
Guinea,GIN,2013,,,,,,2.63,14.13,
Guinea,GIN,2014,,,,,,2.42,11.99,32
Guinea,GIN,2015,,,,,,2.52,11.6,
Guinea,GIN,2016,,,,,,2.54,15.77,
Guinea,GIN,2017,,,,,,2.42,13.38,
Guinea,GIN,2018,,,,,,2.57,14.87,
Guinea-Bissau,GNB,2010,50.7,69.3,67.1,93.4,42,1.86,9.07,
Guinea-Bissau,GNB,2011,,,,,,1.86,10.2,
Guinea-Bissau,GNB,2012,,,,,,2,14.54,
Guinea-Bissau,GNB,2013,,,,,,2.13,16.19,
Guinea-Bissau,GNB,2014,,,,,,,,45.58
Guyana,GUY,2010,,,,,,3.64,11.84,
Guyana,GUY,2011,,,,,,3.59,11.72,
Guyana,GUY,2012,,,,,,3.18,10.19,
Guyana,GUY,2014,,,,,,5.85,18.74,85.64
Guyana,GUY,2015,,,,,,5.21,17.8,
Guyana,GUY,2016,,,,,,6.06,18.72,
Guyana,GUY,2017,,,,,,6.23,17.64,
Guyana,GUY,2018,,,,,,5.89,16,
Haiti,HTI,2012,41.1,58.5,24.2,78.4,31.2,,,
Haiti,HTI,2014,,,,,,3.02,11.98,
Haiti,HTI,2015,,,,,,3.16,14.57,
Haiti,HTI,2016,,,,,,2.45,13.11,61.69
Haiti,HTI,2017,,,,,,2.69,15.37,
Haiti,HTI,2018,,,,,,2.78,14.44,
Honduras,HND,2010,53.1,,15,49.9,40.2,,,84.76
Honduras,HND,2011,56.2,,17.1,52.3,44.3,,,85.12
Honduras,HND,2012,56.1,,19.6,57.1,44.1,,,85.36
Honduras,HND,2013,52.6,,17.3,55.3,40.2,5.87,19.86,85.46
Honduras,HND,2014,50.4,50.2,15.9,53.9,38.1,7.09,25.65,87.2
Honduras,HND,2015,49.6,52.2,16.2,53.8,37,6.41,24.64,87.91
Honduras,HND,2016,50,49.7,18,52.9,37.6,,,88.99
Honduras,HND,2017,50.5,49.8,17.2,52.6,37.7,,,
Honduras,HND,2018,,48.3,16.5,50.3,39.1,6.08,22.95,87.21
Hong Kong,HKG,2010,,,,,,3.51,19.91,
Hong Kong,HKG,2011,,,,,,3.42,20.15,
Hong Kong,HKG,2012,,,,,,3.51,18.65,
Hong Kong,HKG,2013,,,,,,3.76,20.3,
Hong Kong,HKG,2014,,,,,,3.57,17.62,
Hong Kong,HKG,2015,,,,,,3.26,18.61,
Hong Kong,HKG,2016,,,,,,3.29,18.13,
Hong Kong,HKG,2017,,,,,,3.31,17.84,
Hong Kong,HKG,2018,,,,,,3.32,18.79,
Hungary,HUN,2010,29.4,14.1,0.1,2.5,23.1,4.77,9.67,
Hungary,HUN,2011,29.2,14.3,0.1,2.8,23.2,4.6,9.29,
Hungary,HUN,2012,30.8,15,0.3,4.4,23.9,4.17,8.6,
Hungary,HUN,2013,31.5,15,0.1,4.3,24.4,4.2,8.52,
Hungary,HUN,2014,30.9,14.9,0.6,3.2,24,4.63,9.37,99.1
Hungary,HUN,2015,30.4,,0.6,2.7,23.8,4.57,9.13,
Hungary,HUN,2016,,,1.3,2.7,23.8,4.71,10.07,
Hungary,HUN,2017,,,0.6,3,23.9,,,
Iceland,ISL,2010,26.2,,0.1,0.2,22,6.98,14.6,
Iceland,ISL,2011,26.8,,0.1,0.4,22.1,6.82,15.42,
Iceland,ISL,2012,26.8,,0,0.2,22.1,7.6,17.33,
Iceland,ISL,2013,25.4,,0,0.1,21.3,7.49,17.67,
Iceland,ISL,2014,27.8,,0,0.1,23.5,7.69,17.55,
Iceland,ISL,2015,,,0,0.1,22.5,7.53,18.16,
Iceland,ISL,2016,,,,,,7.46,16.84,
India,IND,2010,,,,,,3.38,11.83,
India,IND,2011,35.7,21.9,21.2,86.8,31.7,3.8,13.56,69.3
India,IND,2012,,,,,,3.87,13.99,
India,IND,2013,,,,,,3.84,14.05,
India,IND,2018,,,,,,,,74.37
Indonesia,IDN,2010,36.4,13.3,15.7,77.8,30,2.81,16.65,
Indonesia,IDN,2011,39.7,12.5,13.3,74.4,33.1,3.19,18.01,92.81
Indonesia,IDN,2012,39.6,12,11.6,73.5,33.4,3.41,18.09,
Indonesia,IDN,2013,39.9,11.4,9.4,71,33.5,3.36,17.6,
Indonesia,IDN,2014,39.4,11.3,7.9,69,33,3.29,17.67,95.12
Indonesia,IDN,2015,39.7,11.2,7.2,67,33.4,3.58,20.5,95.22
Indonesia,IDN,2016,38.6,10.9,6.5,62.4,31.4,,,95.38
Indonesia,IDN,2017,38.1,10.6,5.7,58.7,30.7,,,
Indonesia,IDN,2018,,9.8,4.6,56,30.4,,,95.66
Iran,IRN,2010,,,,,,3.71,18.8,
Iran,IRN,2011,,,,,,3.48,19.13,
Iran,IRN,2012,,,,,,3.17,17.4,83.63
Iran,IRN,2013,37.4,,0.1,8.1,29,3.07,21.67,84.63
Iran,IRN,2014,38.8,,0.2,10.5,29.8,2.8,19.66,84.71
Iran,IRN,2015,39.5,,0.3,11,30.6,2.8,18.57,
Iran,IRN,2016,40,,0.3,11.6,30.9,3.37,19.3,85.54
Iran,IRN,2017,,,0.3,10.9,31.3,3.79,20.04,
Iran,IRN,2018,,,,,,3.96,21.15,
Iraq,IRQ,2012,29.5,18.9,2.5,57.3,23.7,,,77.2
Iraq,IRQ,2013,,,,,,,,72.7
Iraq,IRQ,2014,,,,,,,,82.2
Iraq,IRQ,2016,,,,,,,,83.3
Iraq,IRQ,2017,,,,,,,,85.6
Ireland,IRL,2010,32.3,,0.5,1.5,24.9,6.04,9.28,
Ireland,IRL,2011,32.9,,0.5,1.2,25.5,5.86,12.57,
Ireland,IRL,2012,33.2,,0.2,0.9,25.9,5.77,13.72,
Ireland,IRL,2013,33.5,,0.7,1.4,26.1,5.33,13.21,
Ireland,IRL,2014,31.9,,0.4,0.9,24.9,4.88,13.02,
Ireland,IRL,2015,31.8,,0.3,0.8,25.4,3.76,13.01,
Ireland,IRL,2016,,,0.1,0.7,25.9,3.72,13.41,
Israel,ISR,2010,42.6,,0.2,4.2,31.1,5.54,13.71,
Israel,ISR,2011,,,,,,5.56,13.99,
Israel,ISR,2012,41.4,,0.5,4.5,29.6,5.69,14.11,
Israel,ISR,2013,,,,,,5.88,14.59,
Israel,ISR,2014,39.8,,0.5,3.5,28.2,5.78,14.86,
Israel,ISR,2015,,,,,,5.85,15.54,
Israel,ISR,2016,38.9,,0.2,2.7,27.7,5.85,15.45,
Italy,ITA,2010,34.7,,1.3,2.5,26.2,4.35,8.72,
Italy,ITA,2011,35.1,,1.2,2.5,26.4,4.14,8.39,98.85
Italy,ITA,2012,35.2,,1.2,2.9,26.4,4.08,8.04,
Italy,ITA,2013,34.9,,1.4,2.8,25.9,4.16,8.16,
Italy,ITA,2014,34.7,,1.2,2.8,25.5,4.08,8.01,
Italy,ITA,2015,35.4,,2,3.5,25.8,4.08,8.12,
Italy,ITA,2016,,,1.6,3.2,26,3.83,7.81,
Italy,ITA,2017,,,1.4,3.2,26.7,,,
Italy,ITA,2018,,,,,,,,99.16
Ivory Coast,CIV,2010,,,,,,4.55,22.77,
Ivory Coast,CIV,2011,,,,,,4.14,22.43,
Ivory Coast,CIV,2012,,,,,,4.65,20.86,40.98
Ivory Coast,CIV,2013,,,,,,4.73,21.57,
Ivory Coast,CIV,2014,,,,,,4.58,21.77,43.91
Ivory Coast,CIV,2015,41.5,46.3,28.2,82.3,31.9,4.83,21.17,
Ivory Coast,CIV,2016,,,,,,5.39,22.52,
Ivory Coast,CIV,2017,,,,,,5.14,20.68,
Ivory Coast,CIV,2018,,,,,,4.37,18.33,47.17
Jamaica,JAM,2010,,17.6,,,,6.37,16.1,
Jamaica,JAM,2011,,,,,,6.27,18.58,
Jamaica,JAM,2012,,19.9,,,,6.11,18.81,
Jamaica,JAM,2013,,,,,,6.25,20.57,
Jamaica,JAM,2014,,,,,,6.02,21.8,88.1
Jamaica,JAM,2015,,,,,,5.46,20.05,
Jamaica,JAM,2016,,,,,,5.32,19.15,
Jamaica,JAM,2017,,,,,,5.26,18.4,
Jamaica,JAM,2018,,,,,,5.41,18.58,
Japan,JPN,2010,,,0,0.5,25.7,,,
Japan,JPN,2013,,,0.7,1.2,26.4,3.67,9.31,
Japan,JPN,2014,,,,,,3.59,9.09,
Japan,JPN,2016,,,,,,3.19,8.38,
Jordan,JOR,2010,33.7,14.4,0.1,18.1,27.5,,,92.55
Jordan,JOR,2011,,,,,,,,95.9
Jordan,JOR,2012,,,,,,,,97.89
Jordan,JOR,2016,,,,,,3.84,13.28,
Jordan,JOR,2017,,,,,,3.54,12.07,
Jordan,JOR,2018,,,,,,3.59,11.61,98.23
Kazakhstan,KAZ,2010,28,6.5,0.1,18.2,23.1,,,99.78
Kazakhstan,KAZ,2011,28,5.5,0,9.1,23,,,
Kazakhstan,KAZ,2012,28.2,3.8,0,9.2,22.9,,,
Kazakhstan,KAZ,2013,27.1,2.9,0,5.8,22.5,,,
Kazakhstan,KAZ,2014,27,2.8,0,6.7,22.6,,,
Kazakhstan,KAZ,2015,26.8,2.7,0,8.1,22.6,2.79,12.19,
Kazakhstan,KAZ,2016,27.2,2.5,0,12.2,22.7,2.98,13.84,
Kazakhstan,KAZ,2017,27.5,2.5,0,8.6,23,2.82,11.42,
Kazakhstan,KAZ,2018,,,,,,2.75,13.88,99.78
Kenya,KEN,2010,,,,,,5.51,20.56,
Kenya,KEN,2011,,,,,,5.34,19.25,
Kenya,KEN,2012,,,,,,5.51,19.92,
Kenya,KEN,2013,,,,,,5.41,19.14,
Kenya,KEN,2014,,,,,,5.28,17.08,78.73
Kenya,KEN,2015,40.8,36.1,36.8,86.5,31.6,5.27,16.66,
Kenya,KEN,2016,,,,,,5.36,17.35,
Kenya,KEN,2017,,,,,,5.37,17.71,
Kenya,KEN,2018,,,,,,5.32,19.1,81.53
Kuwait,KWT,2010,,,,,,,,94.47
Kuwait,KWT,2012,,,,,,,,95.51
Kuwait,KWT,2013,,,,,,,,95.59
Kuwait,KWT,2015,,,,,,,,95.69
Kuwait,KWT,2017,,,,,,,,96.04
Kuwait,KWT,2018,,,,,,,,96.06
Kyrgyzstan,KGZ,2010,30.1,33.7,4.1,66.1,24.6,5.82,15.68,
Kyrgyzstan,KGZ,2011,27.8,36.8,1.8,66.3,23.5,6.79,18.17,
Kyrgyzstan,KGZ,2012,27.4,38,2.9,69.3,23.1,7.38,18.2,
Kyrgyzstan,KGZ,2013,28.8,37,3.3,69.5,23.8,6.78,17.77,
Kyrgyzstan,KGZ,2014,26.8,30.6,1.3,66.7,22.9,5.53,14.2,
Kyrgyzstan,KGZ,2015,29,32.1,2.5,70,24.8,5.99,15.64,
Kyrgyzstan,KGZ,2016,26.8,25.4,1.4,67.2,22.9,6.59,16.51,
Kyrgyzstan,KGZ,2017,27.3,25.6,1.5,66.4,23.3,6.03,15.73,
Kyrgyzstan,KGZ,2018,,22.4,0.9,61.3,23.6,,,99.59
Laos,LAO,2010,,,,,,1.71,7.25,
Laos,LAO,2011,,,,,,1.71,8.26,58.29
Laos,LAO,2012,36.4,23.4,22.7,85,29.8,1.82,7.37,
Laos,LAO,2013,,,,,,3.23,13.34,
Laos,LAO,2014,,,,,,2.94,11.76,
Laos,LAO,2015,,,,,,,,84.66
Latvia,LVA,2010,35,19,1.7,9.6,26.2,5.08,11.81,
Latvia,LVA,2011,35.8,19.2,1,8.7,27.3,4.94,12.72,99.9
Latvia,LVA,2012,35.2,19.4,1,7.5,26.6,6.59,17.74,
Latvia,LVA,2013,35.5,21.2,1.1,6.1,26.8,6.99,18.74,
Latvia,LVA,2014,35.1,22.5,0.8,5.6,26.7,5.28,13.97,
Latvia,LVA,2015,34.2,,0.6,3.9,26.2,5.34,14.13,
Latvia,LVA,2016,,,0.6,3.6,25.8,4.72,12.89,
Latvia,LVA,2017,,,0.8,3.4,26.9,,,
Latvia,LVA,2018,,,,,,,,99.89
Lebanon,LBN,2010,,,,,,1.61,5.53,
Lebanon,LBN,2011,31.8,,0,1.9,24.8,1.65,5.73,
Lebanon,LBN,2012,,27.4,,,,2.14,7.11,
Lebanon,LBN,2013,,,,,,2.43,8.58,
Lebanon,LBN,2018,,,,,,,,95.07
Lesotho,LSO,2010,54.2,,,,,,,
Lesotho,LSO,2014,,,,,,,,76.64
Lesotho,LSO,2017,,49.7,26.9,73.1,32.9,7.42,15.12,
Lesotho,LSO,2018,,,,,,6.51,13.89,
Liberia,LBR,2012,,,,,,1.78,5.18,
Liberia,LBR,2013,,,,,,1.73,4.67,
Liberia,LBR,2014,33.2,54.1,38.6,93,26,2.28,6.89,
Liberia,LBR,2016,35.3,50.9,40.9,92.2,27.1,,,
Liberia,LBR,2017,,,,,,2.76,8.26,48.3
Liberia,LBR,2018,,,,,,2.58,8.06,
Liechtenstein,LIE,2011,,,,,,2.56,,
Lithuania,LTU,2010,33.6,19.2,1.5,8.4,24.8,5.3,12.86,
Lithuania,LTU,2011,32.5,18.6,0.7,5.5,24.5,5.12,12.34,99.82
Lithuania,LTU,2012,35.1,20.6,1,5.8,26.8,4.77,13.54,
Lithuania,LTU,2013,35.3,19.1,0.7,4.9,27.1,4.61,13.29,
Lithuania,LTU,2014,37.7,22.2,1.3,5,28.9,4.49,13.19,
Lithuania,LTU,2015,37.4,,0.7,4.3,28.6,4.22,12.29,
Lithuania,LTU,2016,,,1.4,4.5,29.5,4.01,12.03,
Lithuania,LTU,2017,,,1,3.8,28.4,,,
Luxembourg,LUX,2010,30.5,,0,0.1,23.7,,,
Luxembourg,LUX,2011,32.1,,0.1,0.2,24.4,,,
Luxembourg,LUX,2012,34.3,,0,0.3,26.4,4.09,9.28,
Luxembourg,LUX,2013,32,,0.1,0.3,24.2,,,
Luxembourg,LUX,2014,31.2,,0.1,0.3,24.3,4.01,9.55,
Luxembourg,LUX,2015,33.8,,0.3,0.6,25.4,3.96,9.44,
Luxembourg,LUX,2016,,,0.1,0.3,24.7,,,
Luxembourg,LUX,2017,,,0.3,0.7,25.8,,,
Macao,MAC,2010,,,,,,2.63,15.41,
Macao,MAC,2011,,,,,,2.69,17.34,95.64
Macao,MAC,2012,,,,,,3.34,21.24,
Macao,MAC,2013,,,,,,2.05,16.43,
Macao,MAC,2014,,,,,,2.03,13.39,
Macao,MAC,2015,,,,,,2.98,13.37,
Macao,MAC,2016,,,,,,3.08,13.52,96.54
Macao,MAC,2017,,,,,,2.7,13.48,
Macedonia,MKD,2010,40.2,27,,32.4,27.1,,,
Macedonia,MKD,2011,39.4,26.8,,31.3,26.9,,,
Macedonia,MKD,2012,38.1,26.2,,29.2,26.5,,,
Macedonia,MKD,2013,36.2,24.2,,28.2,25.4,,,
Macedonia,MKD,2014,35.2,22.1,,24.3,24.9,,,97.8
Macedonia,MKD,2015,35.6,21.5,,23.1,24.8,,,
Macedonia,MKD,2016,,21.9,,20.6,24.1,,,
Macedonia,MKD,2017,,22.2,,18.2,23.8,,,
Macedonia,MKD,2018,,21.9,,,,,,
Madagascar,MDG,2010,42.4,71.7,78.5,97.6,34.3,,,
Madagascar,MDG,2011,,,,,,2.78,19.78,
Madagascar,MDG,2012,42.6,70.7,77.6,97.3,33.5,2.73,20.33,71.57
Madagascar,MDG,2013,,,,,,2.08,13.99,
Madagascar,MDG,2014,,,,,,2.79,18.97,
Madagascar,MDG,2015,,,,,,2.57,16.96,
Madagascar,MDG,2016,,,,,,3.2,19.84,
Madagascar,MDG,2018,,,,,,3.23,19.82,74.8
Malawi,MWI,2010,45.5,50.7,71.7,96.2,36.9,3.54,12.52,61.31
Malawi,MWI,2011,,,,,,4.15,15.1,
Malawi,MWI,2013,,,,,,5.42,20.42,
Malawi,MWI,2014,,,,,,4.84,16.33,65.15
Malawi,MWI,2015,,,,,,5.61,21.55,62.14
Malawi,MWI,2016,44.7,51.5,70.3,96.7,38.1,4.75,17.1,
Malawi,MWI,2017,,,,,,4.03,14.34,
Malawi,MWI,2018,,,,,,4.71,15.78,
Malaysia,MYS,2010,,,,,,4.97,18.41,93.12
Malaysia,MYS,2011,43.9,1.7,,8.6,33.2,5.76,20.98,
Malaysia,MYS,2012,,,,,,5.74,19.85,
Malaysia,MYS,2013,41.3,0.6,,4,31.8,5.48,19.45,
Malaysia,MYS,2014,,,,,,5.21,19.8,
Malaysia,MYS,2015,41,0.4,,2.7,31.3,4.97,19.81,
Malaysia,MYS,2016,,,,,,4.82,20.94,93.73
Malaysia,MYS,2017,,,,,,4.74,21.68,95.08
Malaysia,MYS,2018,,,,,,4.53,19.74,94.85
Maldives,MDV,2010,,,,,,4.12,12.46,
Maldives,MDV,2011,,,,,,3.51,11.71,
Maldives,MDV,2012,,,,,,3.76,12.83,
Maldives,MDV,2013,,,,,,3.8,13.91,
Maldives,MDV,2014,,,,,,3.47,10.35,98.61
Maldives,MDV,2015,,,,,,4.37,12.89,
Maldives,MDV,2016,,8.2,,6.6,25.2,4.07,11.28,97.73
Mali,MLI,2010,,,,,,3.34,16.5,31.1
Mali,MLI,2011,,,,,,3.75,18.26,33.56
Mali,MLI,2012,,,,,,3.48,22.4,
Mali,MLI,2013,,,,,,3.28,16.62,
Mali,MLI,2014,,,,,,3.65,18.22,
Mali,MLI,2015,,,,,,3.8,18.16,33.07
Mali,MLI,2016,,,,,,3.1,13.9,
Mali,MLI,2017,,,,,,3.79,16.53,
Mali,MLI,2018,,,,,,,,35.47
Malta,MLT,2010,29,,,0.5,22.7,6.45,15.72,
Malta,MLT,2011,29.1,,,0.5,23.2,7.8,18.9,93.31
Malta,MLT,2012,29.4,,,0.4,23.4,6.52,15.26,
Malta,MLT,2013,28.8,,,0.2,23.2,7.88,18.78,
Malta,MLT,2014,29,,,0.1,23.3,7.21,17.54,
Malta,MLT,2015,29.4,,,0.3,23.6,5.2,13.15,
Malta,MLT,2016,,,,0.3,23.1,,,
Malta,MLT,2017,,,,0.3,23.3,,,
Malta,MLT,2018,,,,,,,,94.5
Mauritania,MRT,2010,,,,,,3.6,16.04,
Mauritania,MRT,2011,,,,,,3.05,13.68,
Mauritania,MRT,2012,,,,,,2.78,10.02,
Mauritania,MRT,2013,,,,,,2.94,11.41,
Mauritania,MRT,2014,32.6,31,,58.8,24.9,,,
Mauritania,MRT,2016,,,,,,2.63,9.33,
Mauritania,MRT,2017,,,,,,,,53.5
Mauritius,MUS,2010,,,,,,3.55,14.57,
Mauritius,MUS,2011,,,,,,3.33,13.85,89.25
Mauritius,MUS,2012,35.8,7.9,,17.2,31.6,3.42,14.96,91.77
Mauritius,MUS,2013,,,,,,3.62,14.79,91.49
Mauritius,MUS,2014,,,,,,4.92,20.91,92.47
Mauritius,MUS,2015,,,,,,4.89,19.46,92.71
Mauritius,MUS,2016,,,,,,5.01,19.96,93.16
Mauritius,MUS,2017,,10.3,,12.1,29.9,5.02,19.93,
Mauritius,MUS,2018,,,,,,4.83,19.65,91.33
Mexico,MEX,2010,45.3,,,33.7,37.1,5.16,18.64,93.07
Mexico,MEX,2011,,,,,,5.11,18.42,93.52
Mexico,MEX,2012,45.4,,,31.8,38.9,5.1,18.09,94.23
Mexico,MEX,2013,,,,,,4.7,16.91,93.96
Mexico,MEX,2014,45.8,,,33.6,39.5,5.26,18.81,94.56
Mexico,MEX,2015,,,,,,5.24,19.02,94.47
Mexico,MEX,2016,43.4,43.6,,25.7,36.9,4.91,17.94,94.86
Mexico,MEX,2017,,,,,,,,94.97
Mexico,MEX,2018,,41.9,,23,36.4,,,95.38
Micronesia,FSM,2013,40.1,41.2,,69.1,29.7,,,
Micronesia,FSM,2015,,,,,,12.46,22.31,
Moldova,MDA,2010,32.1,21.9,,28.9,25.4,7.59,22.27,
Moldova,MDA,2011,30.6,17.5,,25.6,24.5,7.14,21.92,
Moldova,MDA,2012,29.2,16.6,,24.6,23.6,6.98,20.74,99.14
Moldova,MDA,2013,28.5,12.7,,19.6,23.3,,,
Moldova,MDA,2014,26.8,11.4,,18.3,22.1,6.27,18.77,99.36
Moldova,MDA,2015,27,9.6,,16.1,22.5,,,
Moldova,MDA,2016,26.3,,,16.4,22.7,5.61,18.49,
Moldova,MDA,2017,25.9,,,16.3,21.7,5.62,18.33,
Moldova,MDA,2018,,,,13.3,22,5.51,17.46,
Monaco,MCO,2010,,,,,,1.32,6.36,
Monaco,MCO,2011,,,,,,1.59,8.08,
Monaco,MCO,2012,,,,,,1.78,8.88,
Monaco,MCO,2013,,,,,,1.33,7.06,
Monaco,MCO,2014,,,,,,1.02,5.01,
Monaco,MCO,2016,,,,,,1.37,6.6,
Monaco,MCO,2017,,,,,,1.46,6.98,
Mongolia,MNG,2010,33.1,38.8,,38.4,25.7,4.65,14.71,98.26
Mongolia,MNG,2011,33.9,33.7,,32.9,26.6,4.61,12.15,
Mongolia,MNG,2012,33.8,27.4,,24.5,26.2,5.2,14.41,
Mongolia,MNG,2013,,,,,,4.94,15.37,
Mongolia,MNG,2014,32,21.6,,18.9,25.5,4.71,14.67,
Mongolia,MNG,2015,,,,,,4.18,13.55,
Mongolia,MNG,2016,32.3,29.6,,32,25.6,5.18,13.06,
Mongolia,MNG,2017,,,,,,4.09,12.65,
Mongolia,MNG,2018,,28.4,,28.9,25.7,,,98.42
Montenegro,MNE,2010,28.9,,,,,,,
Montenegro,MNE,2011,30.8,,,,,,,98.44
Montenegro,MNE,2012,32.3,25.2,,24,28.7,,,
Montenegro,MNE,2013,32.4,24.1,,21.3,27.2,,,
Montenegro,MNE,2014,31.9,24.4,,20.7,26.9,,,
Montenegro,MNE,2015,,24,,19.9,27.7,,,
Montenegro,MNE,2016,,23.6,,,,,,
Montenegro,MNE,2018,,,,,,,,98.85
Morocco,MAR,2011,,,,,,,,67.08
Morocco,MAR,2012,,,,,,,,69.43
Morocco,MAR,2013,39.5,4.8,,31.3,31.9,,,
Morocco,MAR,2018,,,,,,,,73.75
Mozambique,MOZ,2012,,,,,,6.08,19.7,
Mozambique,MOZ,2013,,,,,,6.48,18.98,
Mozambique,MOZ,2014,54,46.1,,92,45.5,,,
Mozambique,MOZ,2015,,,,,,,,56.04
Mozambique,MOZ,2016,,,,,,6.42,19.95,
Mozambique,MOZ,2017,,,,,,5.75,18.33,60.66
Mozambique,MOZ,2018,,,,,,5.6,17.88,
Namibia,NAM,2010,,,,,,8.35,26.12,
Namibia,NAM,2011,,,,,,,,88.27
Namibia,NAM,2014,,,,,,3.1,7.64,
Namibia,NAM,2015,59.1,17.4,,50.1,47.3,,,
Namibia,NAM,2018,,,,,,,,91.53
Nepal,NPL,2010,32.8,25.2,,83,26.4,3.63,16.03,
Nepal,NPL,2011,,,,,,3.84,17.98,59.63
Nepal,NPL,2012,,,,,,3.76,17.44,
Nepal,NPL,2013,,,,,,3.47,17.57,
Nepal,NPL,2014,,,,,,3.99,18.28,
Nepal,NPL,2015,,,,,,3.7,16.99,
Nepal,NPL,2016,,,,,,4.44,19.13,
Nepal,NPL,2017,,,,,,5.52,17.1,
Nepal,NPL,2018,,,,,,5.16,14.1,67.91
Netherlands,NLD,2010,27.8,,,0.2,22.4,5.49,11.67,
Netherlands,NLD,2011,27.7,,,0.3,22.6,5.46,11.89,
Netherlands,NLD,2012,27.6,,,0.2,22.5,5.41,11.78,
Netherlands,NLD,2013,28.1,,,0.2,22.8,5.53,12.09,
Netherlands,NLD,2014,28.6,,,0.4,23.3,5.46,12.15,
Netherlands,NLD,2015,28.2,,,0.4,23,5.35,12.21,
Netherlands,NLD,2016,,,,0.3,22.9,5.48,12.81,
Netherlands,NLD,2017,,,,0.4,23.3,,,
New Caledonia,NCL,2014,,,,,,,,97.8
New Zealand,NZL,2010,,,,,,7,15.69,
New Zealand,NZL,2011,,,,,,6.94,15.78,
New Zealand,NZL,2012,,,,,,7.15,17.77,
New Zealand,NZL,2013,,,,,,6.7,16.55,
New Zealand,NZL,2014,,,,,,6.35,16.28,
New Zealand,NZL,2015,,,,,,6.34,16.38,
New Zealand,NZL,2016,,,,,,6.44,16.82,
Nicaragua,NIC,2010,,,,,,4.48,22.75,
Nicaragua,NIC,2014,46.2,29.6,,34.8,37.2,4.08,19.31,
Nicaragua,NIC,2015,,,,,,4.08,18.65,82.61
Nicaragua,NIC,2016,,24.9,,,,4.08,17.92,
Nicaragua,NIC,2017,,,,,,4.34,,
Niger,NER,2010,,,,,,3.73,18.1,
Niger,NER,2011,31.5,48.9,,95.8,26.4,4.21,21.68,
Niger,NER,2012,,,,,,4.33,19.19,30.56
Niger,NER,2013,,,,,,4.92,18.08,
Niger,NER,2014,34.3,44.5,,93.4,27,6.73,21.66,
Niger,NER,2015,,,,,,6.02,18.51,
Niger,NER,2016,,,,,,4.08,15.35,
Niger,NER,2017,,,,,,3.54,13.22,
Niger,NER,2018,,,,,,4.92,16.78,
Nigeria,NGA,2018,,,,,,,,62.02
Norway,NOR,2010,25.7,,,0.3,21,6.74,15.23,
Norway,NOR,2011,25.3,,,0.2,20.5,6.45,14.96,
Norway,NOR,2012,25.7,,,0.2,20.9,7.36,17.43,
Norway,NOR,2013,26.4,,,0.4,21.3,7.47,17.27,
Norway,NOR,2014,26.8,,,0.3,21.6,7.68,17.04,
Norway,NOR,2015,27.5,,,0.3,22.3,7.55,15.73,
Norway,NOR,2016,,,,0.6,23.1,7.98,15.97,
Norway,NOR,2017,,,,0.5,21.6,,,
Oman,OMN,2010,,,,,,,,86.94
Oman,OMN,2013,,,,,,4.97,11.08,
Oman,OMN,2014,,,,,,,,91.98
Oman,OMN,2015,,,,,,,,93.04
Oman,OMN,2016,,,,,,,,94.9
Oman,OMN,2017,,,,,,,,95.58
Oman,OMN,2018,,,,,,,,95.65
Pakistan,PAK,2010,29.8,36.8,,85,25.8,2.29,11.86,55.38
Pakistan,PAK,2011,30.9,36.3,,83.4,26.8,2.22,10.92,54.74
Pakistan,PAK,2012,,,,,,2.14,11.04,56.76
Pakistan,PAK,2013,30.7,29.5,,79.5,26,2.49,11.51,55.59
Pakistan,PAK,2014,,,,,,2.47,11.3,56.98
Pakistan,PAK,2015,33.5,24.3,,75.4,28.9,2.65,13.19,
Pakistan,PAK,2016,,,,,,3,15.06,
Pakistan,PAK,2017,,,,,,2.9,14.54,59.13
Palau,PLW,2013,,,,,,,,99.5
Palau,PLW,2015,,,,,,,,96.59
Palestine,PS,2010,35.3,25.7,0.2,21.9,27.8,6.73,,94.93
Palestine,PS,2011,34.4,25.8,0.2,20.7,27.2,5.7,,95.27
Palestine,PS,2012,,,,,,5.13,,95.91
Palestine,PS,2013,,,,,,5.3,,96.28
Palestine,PS,2014,,,,,,,,96.43
Palestine,PS,2015,,,,,,5.14,,96.69
Palestine,PS,2016,33.7,29.2,1,23.6,25.2,5.72,,96.93
Palestine,PS,2017,,,,,,5.25,,
Palestine,PS,2018,,,,,,,,97.22
Panama,PAN,2010,51.6,29.8,,21.8,39.7,,,94.09
Panama,PAN,2011,51.3,27.6,,18.5,39.7,3.16,13.02,
Panama,PAN,2012,51.7,26.5,,18.9,39.7,,,
Panama,PAN,2013,51.5,25.8,,18.2,39.6,,,
Panama,PAN,2014,50.5,25.6,,16.9,38.5,,,
Panama,PAN,2015,50.8,23,,15.4,39,,,
Panama,PAN,2016,50.4,22.1,,14.6,37.9,,,
Panama,PAN,2017,49.9,,,14.1,37.7,,,
Panama,PAN,2018,,,,12.7,37.1,,,95.41
Papua New Guinea,PNG,2010,,,,,,,,61.6
Papua New Guinea,PNG,2017,,,,,,2.01,10.7,
Papua New Guinea,PNG,2018,,,,,,1.93,8.73,
Paraguay,PRY,2010,51,39,,30,40.5,2.77,18.76,93.87
Paraguay,PRY,2011,52.3,37,,28.3,41.4,3.7,23.3,
Paraguay,PRY,2012,47.6,31.4,,23.5,36.9,3.67,19.63,94.2
Paraguay,PRY,2013,47.9,28,,20.4,37.3,,,95.06
Paraguay,PRY,2014,50.7,27.2,,19.3,40.7,,,95.03
Paraguay,PRY,2015,47.6,26.6,,20,36.7,,,95.55
Paraguay,PRY,2016,47.9,28.9,,20.1,37.3,3.44,18.15,94.65
Paraguay,PRY,2017,48.8,26.4,,18.6,39.2,,,
Paraguay,PRY,2018,,24.2,,17,35.9,,,94.02
Peru,PER,2010,45.5,30.8,,31.2,34.2,2.87,13.56,
Peru,PER,2011,44.7,27.8,,29.3,33.5,2.66,13.55,
Peru,PER,2012,44.4,25.8,,26.7,33.3,2.92,14.37,93.84
Peru,PER,2013,43.9,23.9,,26,32.7,3.3,15.22,
Peru,PER,2014,43.2,22.7,,25.1,32.2,3.69,16.22,93.71
Peru,PER,2015,43.4,21.8,,24.2,32.6,3.97,17.57,94.16
Peru,PER,2016,43.6,20.7,,24.3,32.6,3.81,17.87,94.17
Peru,PER,2017,43.3,21.7,,23.9,32.3,3.94,18.24,94.15
Peru,PER,2018,,20.5,,22.1,32.1,3.72,17.13,94.41
Philippines,PHL,2012,42.2,25.2,,60.1,36.3,,,
Philippines,PHL,2013,,,,,,,,96.4
Philippines,PHL,2015,40.1,21.6,,55.1,34.8,,,98.18
Poland,POL,2010,33.2,17.7,,3,25.8,5.07,11.06,
Poland,POL,2011,32.8,17.1,,3,25.5,4.82,10.98,
Poland,POL,2012,32.4,17.3,,3.1,25.3,4.81,11.23,
Poland,POL,2013,32.5,17,,3,25.4,4.94,11.6,
Poland,POL,2014,32.1,17.6,,2.8,25.2,4.91,11.58,
Poland,POL,2015,31.8,17.3,,2.6,24.2,4.81,11.55,
Poland,POL,2016,30.8,15,,1.8,24.6,4.64,11.29,
Poland,POL,2017,,14.8,,1.4,23.5,,,
Poland,POL,2018,,15.4,,,,,,
Portugal,PRT,2010,35.8,,,2,28.3,5.4,10.43,
Portugal,PRT,2011,36.3,,,2.7,28.7,5.12,10.24,94.48
Portugal,PRT,2012,36,,,4.6,27.8,4.95,10.19,
Portugal,PRT,2013,36.2,,,4.5,27.5,5.28,10.57,
Portugal,PRT,2014,35.6,,,3.7,27.4,5.12,9.91,
Portugal,PRT,2015,35.5,,,2.9,27.3,4.88,10.15,
Portugal,PRT,2016,,,,2.8,27.6,,,
Portugal,PRT,2017,,,,1.9,26.7,,,
Portugal,PRT,2018,,,,,,,,96.14
Puerto Rico,PRI,2010,,,,,,,,91.97
Puerto Rico,PRI,2013,,,,,,6.48,,
Puerto Rico,PRI,2014,,,,,,6.07,,
Puerto Rico,PRI,2017,,,,,,,,92.39
Qatar,QAT,2010,,,,,,4.54,13.82,
Qatar,QAT,2011,,,,,,4.01,13.11,
Qatar,QAT,2012,,,,,,3.51,12.31,
Qatar,QAT,2013,,,,,,4.07,13.15,90.63
Qatar,QAT,2014,,,,,,3.61,12.74,91.33
Qatar,QAT,2016,,,,,,,,93.15
Qatar,QAT,2017,,,,,,2.86,8.56,93.46
Republic of the Congo,COG,2010,,,,,,6.22,24.73,
Republic of the Congo,COG,2011,48.9,40.9,37,82.4,37.9,,,79.31
Republic of the Congo,COG,2014,,,,,,4.02,6.56,
Republic of the Congo,COG,2015,,,,,,4.56,7.95,
Republic of the Congo,COG,2017,,,,,,5.66,15.68,
Republic of the Congo,COG,2018,,,,,,3.64,15.57,80.3
Romania,ROU,2010,35.5,22.3,,28,25,3.5,9.13,
Romania,ROU,2011,35.9,22.9,,31.4,24.9,3.06,8.33,98.6
Romania,ROU,2012,36.5,23,,31.5,25.5,2.95,8.44,
Romania,ROU,2013,36.9,25.1,,31.2,25.4,,,
Romania,ROU,2014,36,25.4,,28.4,24.5,3.13,9.26,
Romania,ROU,2015,35.9,25.3,,25.6,24.8,3.11,9.09,
Romania,ROU,2016,,23.6,,20.5,23.7,2.97,9.51,
Romania,ROU,2017,,23.6,,15.6,24.9,,,
Romania,ROU,2018,,,,,,,,98.84
Russia,RUS,2010,39.5,12.5,,4,30.6,,,99.68
Russia,RUS,2011,39.7,12.7,,3.2,31.1,,,
Russia,RUS,2012,40.7,10.7,,2.9,32.2,3.79,11.15,
Russia,RUS,2013,40.9,10.8,,2.5,32.4,3.76,10.86,
Russia,RUS,2014,39.9,11.2,,2.4,31.9,4.01,11.49,
Russia,RUS,2015,37.7,13.3,,2.7,29.7,3.83,10.87,
Russia,RUS,2016,,13.3,,2.7,28.6,3.74,10.99,
Russia,RUS,2017,,13.2,,2.5,29.2,,,
Russia,RUS,2018,,12.9,,2.3,29.9,,,99.73
Rwanda,RWA,2010,47.2,,,93,39.8,4.89,17.55,65.85
Rwanda,RWA,2011,,,,,,4.64,15.34,
Rwanda,RWA,2012,,,,,,4.64,15.82,68.33
Rwanda,RWA,2013,45.1,39.1,,92.4,37.9,4.95,16.86,
Rwanda,RWA,2014,,,,,,4.31,13.73,70.8
Rwanda,RWA,2015,,,,,,3.75,12.54,
Rwanda,RWA,2016,43.7,38.2,,91.6,35.6,3.54,12.28,
Rwanda,RWA,2017,,,,,,3.21,11.08,
Rwanda,RWA,2018,,,,,,3.11,10.8,73.22
Saint Lucia,LCA,2010,,,,,,3.82,14.2,
Saint Lucia,LCA,2011,,,,,,3.81,13.84,
Saint Lucia,LCA,2012,,,,,,3.57,12.19,
Saint Lucia,LCA,2013,,,,,,4.31,13.85,
Saint Lucia,LCA,2014,,,,,,4.36,15.3,
Saint Lucia,LCA,2015,,,,,,4.4,16.45,
Saint Lucia,LCA,2016,51.2,25,,20.3,38.6,5.74,21.98,
Saint Lucia,LCA,2018,,,,,,3.68,14.36,
Saint Vincent and the Grenadines,VCT,2010,,,,,,5.09,15.49,
Saint Vincent and the Grenadines,VCT,2016,,,,,,5.76,20.15,
Saint Vincent and the Grenadines,VCT,2017,,,,,,5.78,18.95,
Saint Vincent and the Grenadines,VCT,2018,,,,,,5.68,18.81,
Samoa,WSM,2011,,,,,,,,98.97
Samoa,WSM,2013,38.7,20.3,,33.9,31.3,,,
Samoa,WSM,2016,,,,,,4.08,10.48,
Samoa,WSM,2018,,,,,,,,99.1
San Marino,SMR,2010,,,,,,2.31,10.78,
San Marino,SMR,2011,,,,,,2.38,10.64,
San Marino,SMR,2017,,,,,,3.15,13.1,
San Marino,SMR,2018,,,,,,,,99.92
Sao Tome and Principe,STP,2010,30.8,66.2,,92.3,24.2,9.65,19.33,
Sao Tome and Principe,STP,2012,,,,,,6.34,13.72,90.14
Sao Tome and Principe,STP,2013,,,,,,5.94,18.83,
Sao Tome and Principe,STP,2014,,,,,,3.75,12.32,
Sao Tome and Principe,STP,2015,,,,,,3.86,11.3,
Sao Tome and Principe,STP,2016,,,,,,5.17,15.97,
Sao Tome and Principe,STP,2017,,,,85.5,49.2,5.08,18.4,
Sao Tome and Principe,STP,2018,,,,,,5.15,20.12,92.82
Saudi Arabia,SAU,2013,,,,,,,,94.43
Saudi Arabia,SAU,2017,,,,,,,,95.33
Senegal,SEN,2010,,,,,,5.18,24.05,
Senegal,SEN,2011,40.3,46.7,,88.1,31,4.88,21.09,52.05
Senegal,SEN,2012,,,,,,4.73,20.8,
Senegal,SEN,2013,,,,,,5.67,25.74,42.82
Senegal,SEN,2014,,,,,,5.72,24.76,
Senegal,SEN,2015,,,,,,5.46,23.76,
Senegal,SEN,2016,,,,,,5.11,21.34,
Senegal,SEN,2017,,,,,,4.59,21.05,51.9
Senegal,SEN,2018,,,,,,4.65,21.53,
Serbia,SRB,2010,29,,,,,4.33,10.1,
Serbia,SRB,2011,,,,,,4.24,10.18,97.96
Serbia,SRB,2012,,24.5,,23.1,28.7,4.16,9.23,
Serbia,SRB,2013,29,25,,26.3,28.2,,,
Serbia,SRB,2014,,26.7,,26.1,28.6,3.93,8.76,
Serbia,SRB,2015,28.5,25.9,,25.3,29.2,3.79,8.88,
Serbia,SRB,2016,,25.7,,23.1,27.3,3.64,8.69,98.84
Serbia,SRB,2017,,24.3,,20.3,25.6,3.72,9.26,
Seychelles,SYC,2010,,,,,,,,93.95
Seychelles,SYC,2011,,,,,,3.61,10.39,
Seychelles,SYC,2012,,,,,,2.61,6.77,
Seychelles,SYC,2013,46.8,39.3,,6.6,39.9,3.61,9.55,
Seychelles,SYC,2014,,,,,,4.08,12.08,
Seychelles,SYC,2016,,,,,,4.42,11.72,
Seychelles,SYC,2018,,,,,,,,95.87
Sierra Leone,SLE,2010,,,,,,2.59,12.8,
Sierra Leone,SLE,2011,34,52.9,,94.7,26.9,2.67,12.41,
Sierra Leone,SLE,2012,,,,,,2.87,14.13,
Sierra Leone,SLE,2013,,,,,,2.38,15.2,32.43
Sierra Leone,SLE,2014,,,,,,2.66,15.09,
Sierra Leone,SLE,2016,,,,,,3.06,12.47,
Sierra Leone,SLE,2017,,,,,,4.64,19.89,
Sierra Leone,SLE,2018,,,,92.1,29.4,7.14,32.47,43.21
Singapore,SGP,2010,,,,,,3.08,18.57,95.86
Singapore,SGP,2011,,,,,,3.03,28.86,96.19
Singapore,SGP,2012,,,,,,3.07,31.37,96.37
Singapore,SGP,2013,,,,,,2.85,28.84,96.55
Singapore,SGP,2014,,,,,,,,96.72
Singapore,SGP,2015,,,,,,,,96.83
Singapore,SGP,2016,,,,,,,,97.05
Singapore,SGP,2017,,,,,,,,97.2
Singapore,SGP,2018,,,,,,,,97.34
Slovakia,SVK,2010,27.3,13,,2.2,21.9,4.12,9.77,
Slovakia,SVK,2011,26.5,13.2,,2.3,21,3.96,9.71,
Slovakia,SVK,2012,26.1,12.8,,3,20.5,3.91,9.62,
Slovakia,SVK,2013,28.1,12.6,,2.9,22.2,4.09,9.86,
Slovakia,SVK,2014,26.1,,,3.6,20.3,4.23,10.06,
Slovakia,SVK,2015,26.5,,,2.8,20.9,4.64,10.28,
Slovakia,SVK,2016,,,,3.3,19.9,3.9,9.42,
Slovenia,SVN,2010,24.9,13.6,,0.1,20.7,5.56,12.08,
Slovenia,SVN,2011,24.9,13.5,,0.2,20.8,5.57,12.07,
Slovenia,SVN,2012,25.6,14.5,,0.2,21.1,5.65,12.63,
Slovenia,SVN,2013,26.2,14.5,,0.2,21.4,5.44,10,
Slovenia,SVN,2014,25.7,14.3,,0.2,21.2,5.3,11.27,99.7
Slovenia,SVN,2015,25.4,,,0.1,21.1,4.91,11.22,
Slovenia,SVN,2016,,,,0.1,20.6,4.8,11.75,
Slovenia,SVN,2017,,,,0.1,20.4,,,
Solomon Islands,SLB,2010,,,,,,9.86,17.48,
Solomon Islands,SLB,2013,37.1,12.7,,84.7,29.2,,,
South Africa,ZAF,2010,63.4,53.2,,56.2,51.3,5.72,18.04,92.88
South Africa,ZAF,2011,,,,,,5.96,18.96,93.1
South Africa,ZAF,2012,,,,,,6.37,20.64,93.73
South Africa,ZAF,2013,,,,,,6.01,19.17,
South Africa,ZAF,2014,63,55.5,,57.1,50.5,6.05,19.14,94.14
South Africa,ZAF,2015,,,,,,5.96,18.7,94.37
South Africa,ZAF,2016,,,,,,5.94,18.05,
South Africa,ZAF,2017,,,,,,6.11,18.72,87.05
South Africa,ZAF,2018,,,,,,6.16,18.87,
South Korea,KOR,2010,32,,0.5,1.5,24.2,,,
South Korea,KOR,2012,31.6,,0.2,1.2,23.8,,,
South Korea,KOR,2016,,,,,,4.59,,
Spain,ESP,2010,35.2,,,2.3,26,4.82,10.56,97.75
Spain,ESP,2011,35.7,,,2.8,25.9,4.87,10.62,97.78
Spain,ESP,2012,35.4,,,3,25.8,4.43,9.21,97.89
Spain,ESP,2013,36.2,,,3.3,25.9,4.33,9.5,98.08
Spain,ESP,2014,36.1,,,2.9,26,4.28,9.54,98.09
Spain,ESP,2015,36.2,,,3.2,26.2,4.27,9.77,98.14
Spain,ESP,2016,,,,3.2,25.8,4.21,9.97,98.25
Spain,ESP,2017,,,,2.2,25.4,,,
Spain,ESP,2018,,,,,,,,98.44
Sri Lanka,LKA,2010,,,,,,1.72,8.61,91.18
Sri Lanka,LKA,2011,,,,,,1.81,9.11,
Sri Lanka,LKA,2012,39.2,6.7,,51,32.2,1.5,8.39,
Sri Lanka,LKA,2013,,,,,,1.62,9.42,
Sri Lanka,LKA,2014,,,,,,1.93,10.82,
Sri Lanka,LKA,2015,,,,,,2.23,10.95,
Sri Lanka,LKA,2016,39.8,4.1,,40.4,32.9,3.45,17.73,92.39
Sri Lanka,LKA,2017,,,,,,2.78,14.5,91.9
Sri Lanka,LKA,2018,,,,,,2.11,11.33,91.71
Sudan,SDN,2014,,,,79.9,27.8,,,
Sudan,SDN,2018,,,,,,,,60.7
Suriname,SUR,2010,,,,,,,,94.68
Suriname,SUR,2012,,,,,,,,92.87
Suriname,SUR,2018,,,,,,,,94.38
Swaziland,SWZ,2010,,,,,,6.12,18.28,83.1
Swaziland,SWZ,2011,,,,,,6.86,22.33,
Swaziland,SWZ,2014,,,,,,7.13,24.8,
Swaziland,SWZ,2016,,,28.4,71.4,42.7,,,
Swaziland,SWZ,2017,,58.9,,,,,,
Swaziland,SWZ,2018,,,,,,,,88.42
Sweden,SWE,2010,27.7,,,1.2,21.8,6.61,13.31,
Sweden,SWE,2011,27.6,,,1.1,21.6,6.48,13.18,
Sweden,SWE,2012,27.6,,,1,21.6,7.65,15.23,
Sweden,SWE,2013,28.8,,,1.1,22.2,7.71,15.14,
Sweden,SWE,2014,28.4,,,1,22.2,7.67,15.33,
Sweden,SWE,2015,29.2,,,1.1,22.9,7.55,15.5,
Sweden,SWE,2016,,,,0.6,23.3,7.67,15.73,
Sweden,SWE,2017,,,,0.5,22.3,,,
Switzerland,CHE,2010,32.6,,,0.3,25.4,4.93,15.39,
Switzerland,CHE,2011,31.7,,,0.1,24.7,4.97,15.55,
Switzerland,CHE,2012,31.6,,,0,25,5.03,15.64,
Switzerland,CHE,2013,32.5,,,0.1,25.5,5.04,15.21,
Switzerland,CHE,2014,32.5,,,0.1,25.5,5.05,15.46,
Switzerland,CHE,2015,32.3,,,0,25.2,5.1,15.53,
Switzerland,CHE,2016,,,,0.1,25.8,5.11,15.51,
Switzerland,CHE,2017,,,,0.1,25.5,,,
Tajikistan,TJK,2010,,,,,,4.01,15.33,
Tajikistan,TJK,2011,,,,,,3.94,14.56,
Tajikistan,TJK,2012,,,,,,4.02,16.37,
Tajikistan,TJK,2013,,34.3,,,,,,
Tajikistan,TJK,2014,,32,,,,,,99.8
Tajikistan,TJK,2015,34,31.3,,54.2,26.4,5.23,16.39,
Tajikistan,TJK,2016,,30.3,,,,,,
Tajikistan,TJK,2017,,29.5,,,,,,
Tajikistan,TJK,2018,,27.4,,,,,,
Tanzania,TZA,2010,,,,,,4.54,19.65,67.8
Tanzania,TZA,2011,37.8,28.2,,93.1,31,,,
Tanzania,TZA,2012,,,,,,,,78.1
Tanzania,TZA,2014,,,,,,3.38,17.3,
Tanzania,TZA,2015,,,,,,,,77.89
Tanzania,TZA,2017,,,,91.7,33.1,4.43,24.4,
Tanzania,TZA,2018,,26.4,,,,3.7,20.56,
Thailand,THA,2010,39.4,16.4,,17.8,30.7,3.51,16.22,96.43
Thailand,THA,2011,37.5,13.2,,13.7,29.9,4.81,22.63,
Thailand,THA,2012,39.3,12.6,,13.7,30.4,4.54,21.4,
Thailand,THA,2013,37.8,10.9,,11.6,29.2,4.12,19.13,93.7
Thailand,THA,2014,37,10.5,,10.6,28.7,,,
Thailand,THA,2015,36,7.2,,7.1,28.4,,,92.87
Thailand,THA,2016,36.9,8.6,,8.4,28.9,,,
Thailand,THA,2017,36.5,7.9,,7.8,28.4,,,
Thailand,THA,2018,,9.9,,8.6,28.1,,,93.77
Togo,TGO,2010,,,,,,4.1,19.62,
Togo,TGO,2011,46,58.7,,90.1,34.5,4.31,16.9,60.41
Togo,TGO,2012,,,,,,4.72,17.68,
Togo,TGO,2013,,,,,,4.42,16.59,
Togo,TGO,2014,,,,,,4.78,17.39,
Togo,TGO,2015,43.1,55.1,,90.4,31.6,5.11,16.66,63.75
Togo,TGO,2016,,,,,,5.03,15.99,
Togo,TGO,2017,,,,,,5.03,23.14,
Togo,TGO,2018,,,,,,5.43,21.77,
Tonga,TON,2011,,,,,,,,99.39
Tonga,TON,2015,37.6,,,27.5,29.7,,,
Tonga,TON,2018,,,,,,,,99.41
Trinidad and Tobago,TTO,2010,,,,,,,,98.7
Tunisia,TUN,2010,35.8,20.5,,30.4,27,6.25,24.85,79.13
Tunisia,TUN,2011,,,,,,,,79.65
Tunisia,TUN,2012,,,,,,6.25,20.99,80.22
Tunisia,TUN,2014,,,,,,,,79.04
Tunisia,TUN,2015,32.8,15.2,,17.5,25.6,6.6,22.62,
Turkey,TUR,2010,38.8,16.1,,15.9,29.3,,,92.66
Turkey,TUR,2011,40,16.3,,13.6,30.5,,,94.11
Turkey,TUR,2012,40.2,15,,13,30.5,,,94.92
Turkey,TUR,2013,40.2,15,,11.4,30.6,,,95.26
Turkey,TUR,2014,41.2,14.7,,10.5,31.6,,,95.44
Turkey,TUR,2015,42.9,14.3,,11.5,33.5,,,95.6
Turkey,TUR,2016,41.9,13.5,,9.9,32.1,,,96.17
Turkey,TUR,2017,,13.9,,9.2,31.9,,,96.15
Turkey,TUR,2018,,,,9.2,32.6,,,
Turkmenistan,TKM,2012,,,,,,3.05,20.8,
Turkmenistan,TKM,2014,,,,,,,,99.7
Tuvalu,TUV,2010,39.1,26.3,,46.7,30.7,,,
Uganda,UGA,2010,,,,,,2.39,10.1,73.21
Uganda,UGA,2011,,,,,,3.04,13.61,
Uganda,UGA,2012,41,19.7,,87.1,32.9,2.48,11.45,70.2
Uganda,UGA,2013,,,,,,2.21,11.74,
Uganda,UGA,2014,,,,,,2.25,10.88,
Uganda,UGA,2015,,,,,,2.77,12.14,
Uganda,UGA,2016,42.8,21.4,,87.8,34.2,2.56,11.38,
Uganda,UGA,2017,,,,,,2.73,12.46,
Uganda,UGA,2018,,,,,,2.52,10.92,76.53
Ukraine,UKR,2010,24.8,8.6,0,6.1,21,,,
Ukraine,UKR,2011,24.6,7.8,0,5.7,20.7,6.16,13.48,
Ukraine,UKR,2012,24.7,9,0,4.1,20.8,6.69,13.67,99.97
Ukraine,UKR,2013,24.6,8.3,0,3.3,21.1,6.67,13.87,
Ukraine,UKR,2014,24,8.6,0,3.6,20.6,5.87,13.12,
Ukraine,UKR,2015,25.5,6.4,0.1,7.8,21.6,,,
Ukraine,UKR,2016,25,3.8,0.1,6.4,21.2,5.01,12.35,
Ukraine,UKR,2017,,2.4,0,5.6,21.7,5.41,13.05,
Ukraine,UKR,2018,,1.3,0,4,22,,,
United Arab Emirates,ARE,2014,,,0,0,21.4,,,
United Arab Emirates,ARE,2015,,,,,,,,93.23
United Kingdom,GBR,2010,34.4,,0.1,0.6,26.8,5.74,13.03,
United Kingdom,GBR,2011,33.2,,0.4,0.7,25.3,5.65,12.7,
United Kingdom,GBR,2012,32.3,,0.2,0.5,24.6,,,
United Kingdom,GBR,2013,33.2,,0.2,0.4,25.3,5.59,12.92,
United Kingdom,GBR,2014,34,,0.2,0.6,26.2,5.66,13.67,
United Kingdom,GBR,2015,33.2,,0.1,0.7,25.4,5.61,13.84,
United Kingdom,GBR,2016,,,0.2,0.5,26.8,5.49,13.83,
Uruguay,URY,2010,44.5,18.5,0.1,8.2,33.6,,,98.07
Uruguay,URY,2011,42.2,13.7,0.1,5.7,31.6,4.36,15.16,98.34
Uruguay,URY,2012,39.9,12.4,0.1,5.3,29.2,,,98.4
Uruguay,URY,2013,40.5,11.5,0.2,4.8,30,,,98.36
Uruguay,URY,2014,40.1,9.7,0.1,4.1,29.8,,,98.44
Uruguay,URY,2015,40.2,9.7,0.1,3.8,29.8,,,98.52
Uruguay,URY,2016,39.7,9.4,0.1,3.6,29.6,4.76,14.65,98.56
Uruguay,URY,2017,39.5,7.9,0.1,2.8,29.6,4.84,14.94,98.62
Uruguay,URY,2018,,8.1,0.1,2.9,29.7,,,98.7
USA,USA,2010,40.4,,1,2,29.4,,,
USA,USA,2013,41,,1,2,30.1,4.93,13.23,
USA,USA,2014,,,,,,4.96,13.4,
USA,USA,2016,41.5,,1.2,2,30.5,,,
Uzbekistan,UZB,2012,,15,,,,,,
Uzbekistan,UZB,2013,,14.1,,,,7.28,23.32,99.99
Uzbekistan,UZB,2014,,,,,,6.03,23.52,99.98
Uzbekistan,UZB,2015,,,,,,5.79,23.65,99.98
Uzbekistan,UZB,2016,,,,,,5.67,23.85,99.99
Uzbekistan,UZB,2017,,,,,,5.28,23.03,
Uzbekistan,UZB,2018,,,,,,,,99.99
Vanuatu,VUT,2010,37.6,12.7,13.2,72.4,29.4,,,
Vanuatu,VUT,2014,,,,,,4.91,18.21,84.7
Vanuatu,VUT,2015,,,,,,5.55,13.73,
Vanuatu,VUT,2017,,,,,,4.7,12.69,
Vanuatu,VUT,2018,,,,,,,,87.51
Venezuela,VEN,2010,,26.8,,,,,,
Venezuela,VEN,2011,,27.4,,,,,,94.77
Venezuela,VEN,2012,,27.2,,,,,,
Venezuela,VEN,2013,,29.4,,,,,,
Venezuela,VEN,2014,,29.5,,,,,,
Venezuela,VEN,2015,,33.1,,,,,,96.61
Venezuela,VEN,2016,,,,,,,,97.13
Vietnam,VNM,2010,39.3,20.7,4.2,47.7,30.9,5.14,17.11,
Vietnam,VNM,2011,,,,,,4.81,17.81,
Vietnam,VNM,2012,35.6,17.2,2.8,41.5,27.7,5.53,18.78,
Vietnam,VNM,2013,,,,,,5.65,18.52,
Vietnam,VNM,2014,34.8,13.5,2.7,35.9,26.8,,,
Vietnam,VNM,2016,35.3,9.8,2,29,27.1,4.34,15.6,
Vietnam,VNM,2018,,6.7,1.9,23.6,27.5,4.17,14.47,95
Yemen,YEM,2014,36.7,48.6,18.8,81.6,29.4,,,
Zambia,ZMB,2010,55.6,54.7,64.4,90.5,45.2,,,83.01
Zambia,ZMB,2015,57.1,54.4,57.5,87.2,44.4,4.62,16.34,
Zambia,ZMB,2016,,,,,,3.75,15.4,
Zambia,ZMB,2017,,,,,,3.73,14.81,
Zambia,ZMB,2018,,,,,,4.67,17.05,86.75
Zimbabwe,ZWE,2010,,,,,,1.54,8.54,
Zimbabwe,ZWE,2011,43.2,72.3,21.4,74,33.8,,,83.58
Zimbabwe,ZWE,2012,,,,,,6.07,29.75,
Zimbabwe,ZWE,2013,,,,,,6,28.66,
Zimbabwe,ZWE,2014,,,,,,6.14,30.02,88.69
Zimbabwe,ZWE,2017,,70,33.9,81.3,34.8,5.62,20.79,
Zimbabwe,ZWE,2018,,,,,,4.6,19.04,
